{
    "$schema": "http://schema.management.azure.com/schemas/2015-01-01/deploymentTemplate.json#",
    "contentVersion": "1.0.0.0",
    "parameters": {
        "workspaceName": {
            "type": "string",
            "metadata": "Workspace name"
        }
    },
    "variables": { "workspaceId": "[concat('Microsoft.Synapse/workspaces/', parameters('workspaceName'))]" },
    "resources": [
        {
            "name": "[concat(parameters('workspaceName'), '/pl_eventSend')]",
            "type": "Microsoft.Synapse/workspaces/pipelines",
            "apiVersion": "2019-06-01-preview",
            "properties": {
                "activities": [
                    {
                        "name": "Start Event Hub Generation",
                        "type": "SynapseNotebook",
                        "dependsOn": [],
                        "policy": {
                            "timeout": "0.12:00:00",
                            "retry": 0,
                            "retryIntervalInSeconds": 30,
                            "secureOutput": false,
                            "secureInput": false
                        },
                        "userProperties": [],
                        "typeProperties": {
                            "notebook": {
                                "referenceName": "00 - Send to Event Hubs - Script",
                                "type": "NotebookReference"
                            },
                            "parameters": {
                                "storageAccountName": {
                                    "value": {
                                        "value": "@pipeline().parameters.storageAccountName",
                                        "type": "Expression"
                                    },
                                    "type": "string"
                                },
                                "storageAccountContainer": {
                                    "value": {
                                        "value": "@pipeline().parameters.storageAccountContainer",
                                        "type": "Expression"
                                    },
                                    "type": "string"
                                },
                                "storageAccountDirectory": {
                                    "value": {
                                        "value": "@pipeline().parameters.storageAccountDirectory",
                                        "type": "Expression"
                                    },
                                    "type": "string"
                                },
                                "storageLinkedServiceName": {
                                    "value": {
                                        "value": "@pipeline().parameters.storageAccountLinkedServiceName",
                                        "type": "Expression"
                                    },
                                    "type": "string"
                                },
                                "keyVaultName": {
                                    "value": {
                                        "value": "@pipeline().parameters.keyVaultName",
                                        "type": "Expression"
                                    },
                                    "type": "string"
                                },
                                "linkedServiceName": {
                                    "value": {
                                        "value": "@pipeline().parameters.keyVaultLinkedServiceName",
                                        "type": "Expression"
                                    },
                                    "type": "string"
                                },
                                "secretName": {
                                    "value": {
                                        "value": "@pipeline().parameters.keyVaultEventHubConnStr",
                                        "type": "Expression"
                                    },
                                    "type": "string"
                                },
                                "ehName": {
                                    "value": {
                                        "value": "@pipeline().parameters.eventHubName",
                                        "type": "Expression"
                                    },
                                    "type": "string"
                                }
                            },
                            "snapshot": true,
                            "sparkPool": {
                                "referenceName": "synsparkXS",
                                "type": "BigDataPoolReference"
                            },
                            "executorSize": "Small",
                            "conf": { "spark.dynamicAllocation.enabled": false },
                            "driverSize": "Small"
                        }
                    }
                ],
                "policy": {
                    "elapsedTimeMetric": {},
                    "cancelAfter": {}
                },
                "parameters": {
                    "storageAccountName": { "type": "string" },
                    "storageAccountContainer": { "type": "string" },
                    "storageAccountDirectory": { "type": "string" },
                    "storageAccountLinkedServiceName": { "type": "string" },
                    "keyVaultName": { "type": "string" },
                    "keyVaultLinkedServiceName": { "type": "string" },
                    "keyVaultEventHubConnStr": { "type": "string" },
                    "eventHubName": { "type": "string" }
                },
                "annotations": []
            }
        }
    ]
}