{
    "$schema": "http://schema.management.azure.com/schemas/2015-01-01/deploymentTemplate.json#",
    "contentVersion": "1.0.0.0",
    "parameters": {
        "workspaceName": {
            "type": "string",
            "metadata": "Workspace name"
        },
        "ls_serverlessPool": { "type": "string" }
    },
    "variables": { "workspaceId": "[concat('Microsoft.Synapse/workspaces/', parameters('workspaceName'))]" },
    "resources": [
        {
            "name": "[concat(parameters('workspaceName'), '/pl_Serverless_00_runFiles')]",
            "type": "Microsoft.Synapse/workspaces/pipelines",
            "apiVersion": "2019-06-01-preview",
            "properties": {
                "activities": [
                    {
                        "name": "Get List Of Files - Script",
                        "type": "Script",
                        "dependsOn": [],
                        "policy": {
                            "timeout": "0.12:00:00",
                            "retry": 0,
                            "retryIntervalInSeconds": 30,
                            "secureOutput": false,
                            "secureInput": false
                        },
                        "userProperties": [],
                        "linkedServiceName": {
                            "referenceName": "[parameters('ls_serverlessPool')]",
                            "type": "LinkedServiceReference",
                            "parameters": { "DBName": "nyctaxi" }
                        },
                        "typeProperties": {
                            "scripts": [
                                {
                                    "parameters": [
                                        {
                                            "name": "storageAccountName",
                                            "type": "String",
                                            "value": {
                                                "value": "@pipeline().parameters.storageAccountName",
                                                "type": "Expression"
                                            },
                                            "direction": "Input"
                                        },
                                        {
                                            "name": "fareDataPath",
                                            "type": "String",
                                            "value": {
                                                "value": "@pipeline().parameters.fareDataPath",
                                                "type": "Expression"
                                            },
                                            "direction": "Input"
                                        }
                                    ],
                                    "type": "Query",
                                    "text": "exec p_getFiles @storageAccountName, @fareDataPath"
                                }
                            ],
                            "scriptBlockExecutionTimeout": "02:00:00"
                        }
                    },
                    {
                        "name": "Process Files Individually",
                        "type": "ForEach",
                        "dependsOn": [
                            {
                                "activity": "Get List Of Files - Script",
                                "dependencyConditions": [ "Succeeded" ]
                            }
                        ],
                        "userProperties": [],
                        "typeProperties": {
                            "items": {
                                "value": "@activity('Get List Of Files - Script').output.resultSets[0].rows",
                                "type": "Expression"
                            },
                            "isSequential": true,
                            "activities": [
                                {
                                    "name": "Process Single File",
                                    "type": "ExecutePipeline",
                                    "dependsOn": [],
                                    "userProperties": [],
                                    "typeProperties": {
                                        "pipeline": {
                                            "referenceName": "pl_Serverless_01_processSingleFile",
                                            "type": "PipelineReference"
                                        },
                                        "waitOnCompletion": true,
                                        "parameters": {
                                            "storageAccountName": {
                                                "value": "@pipeline().parameters.storageAccountName",
                                                "type": "Expression"
                                            },
                                            "fareDataPath": {
                                                "value": "@pipeline().parameters.fareDataPath",
                                                "type": "Expression"
                                            },
                                            "fileName": {
                                                "value": "@item().filename",
                                                "type": "Expression"
                                            },
                                            "eventHubName": {
                                                "value": "@pipeline().parameters.eventHubName",
                                                "type": "Expression"
                                            },
                                            "eventHubNamespaceName": {
                                                "value": "@pipeline().parameters.eventHubNamespaceName",
                                                "type": "Expression"
                                            }
                                        }
                                    }
                                }
                            ]
                        }
                    }
                ],
                "policy": {
                    "elapsedTimeMetric": {},
                    "cancelAfter": {}
                },
                "parameters": {
                    "storageAccountName": {
                        "type": "string"
                    },
                    "fareDataPath": {
                        "type": "string"
                    },
                    "eventHubName": {
                        "type": "string"
                    },
                    "eventHubNamespaceName": {
                        "type": "string"
                    }
                },
                "variables": { "filename": { "type": "String" } },
                "folder": { "name": "pl_ServerlessEventSender" },
                "annotations": []
            },
            "dependsOn": [ "[concat(variables('workspaceId'), '/pipelines/pl_Serverless_01_processSingleFile')]" ]
        },
        {
            "name": "[concat(parameters('workspaceName'), '/pl_Serverless_01_processSingleFile')]",
            "type": "Microsoft.Synapse/workspaces/pipelines",
            "apiVersion": "2019-06-01-preview",
            "properties": {
                "activities": [
                    {
                        "name": "Create External Table",
                        "type": "SqlServerStoredProcedure",
                        "dependsOn": [],
                        "policy": {
                            "timeout": "0.12:00:00",
                            "retry": 0,
                            "retryIntervalInSeconds": 30,
                            "secureOutput": false,
                            "secureInput": false
                        },
                        "userProperties": [],
                        "typeProperties": {
                            "storedProcedureName": "[[dbo].[p_createExternalTable]",
                            "storedProcedureParameters": {
                                "fareDataPath": {
                                    "value": {
                                        "value": "@pipeline().parameters.fareDataPath",
                                        "type": "Expression"
                                    },
                                    "type": "String"
                                },
                                "fileName": {
                                    "value": {
                                        "value": "@pipeline().parameters.fileName",
                                        "type": "Expression"
                                    },
                                    "type": "String"
                                },
                                "storageAccountName": {
                                    "value": {
                                        "value": "@pipeline().parameters.storageAccountName",
                                        "type": "Expression"
                                    },
                                    "type": "String"
                                }
                            }
                        },
                        "linkedServiceName": {
                            "referenceName": "[parameters('ls_serverlessPool')]",
                            "type": "LinkedServiceReference",
                            "parameters": { "DBName": "nyctaxi" }
                        }
                    },
                    {
                        "name": "Get Batches",
                        "type": "Script",
                        "dependsOn": [
                            {
                                "activity": "Create External Table",
                                "dependencyConditions": [ "Succeeded" ]
                            }
                        ],
                        "policy": {
                            "timeout": "0.12:00:00",
                            "retry": 0,
                            "retryIntervalInSeconds": 30,
                            "secureOutput": false,
                            "secureInput": false
                        },
                        "userProperties": [],
                        "linkedServiceName": {
                            "referenceName": "[parameters('ls_serverlessPool')]",
                            "type": "LinkedServiceReference",
                            "parameters": { "DBName": "nyctaxi" }
                        },
                        "typeProperties": {
                            "scripts": [
                                {
                                    "type": "Query",
                                    "text": "EXEC p_getBatches"
                                }
                            ],
                            "scriptBlockExecutionTimeout": "02:00:00"
                        }
                    },
                    {
                        "name": "Send Batches to Event Hubs",
                        "type": "ForEach",
                        "dependsOn": [
                            {
                                "activity": "Get Batches",
                                "dependencyConditions": [ "Succeeded" ]
                            }
                        ],
                        "userProperties": [],
                        "typeProperties": {
                            "items": {
                                "value": "@activity('Get Batches').output.resultSets[0].rows",
                                "type": "Expression"
                            },
                            "isSequential": false,
                            "activities": [
                                {
                                    "name": "Send Batch To Event Hubs",
                                    "type": "ExecutePipeline",
                                    "dependsOn": [],
                                    "userProperties": [],
                                    "typeProperties": {
                                        "pipeline": {
                                            "referenceName": "pl_Serverless_02_batchEventSender",
                                            "type": "PipelineReference"
                                        },
                                        "waitOnCompletion": true,
                                        "parameters": {
                                            "eventHubName": {
                                                "value": "@pipeline().parameters.eventHubName",
                                                "type": "Expression"
                                            },
                                            "eventHubNamespaceName": {
                                                "value": "@pipeline().parameters.eventHubNamespaceName",
                                                "type": "Expression"
                                            },
                                            "startValue": {
                                                "value": "@item().startId",
                                                "type": "Expression"
                                            },
                                            "endValue": {
                                                "value": "@item().endId",
                                                "type": "Expression"
                                            }
                                        }
                                    }
                                }
                            ]
                        }
                    }
                ],
                "policy": {
                    "elapsedTimeMetric": {},
                    "cancelAfter": {}
                },
                "parameters": {
                    "storageAccountName": {
                        "type": "string"
                    },
                    "fareDataPath": {
                        "type": "string"
                    },
                    "fileName": {
                        "type": "string"
                    },
                    "eventHubName": {
                        "type": "string"
                    },
                    "eventHubNamespaceName": {
                        "type": "string"
                    }
                },
                "variables": { "startId": { "type": "String" } },
                "folder": { "name": "pl_ServerlessEventSender" },
                "annotations": []
            },
            "dependsOn": [ "[concat(variables('workspaceId'), '/pipelines/pl_Serverless_02_batchEventSender')]" ]
        },
        {
            "name": "[concat(parameters('workspaceName'), '/pl_Serverless_02_batchEventSender')]",
            "type": "Microsoft.Synapse/workspaces/pipelines",
            "apiVersion": "2019-06-01-preview",
            "properties": {
                "activities": [
                    {
                        "name": "Send to Event Hubs Batch Endpoint",
                        "type": "WebActivity",
                        "dependsOn": [
                            {
                                "activity": "Retrieve Batch from Serverless",
                                "dependencyConditions": [ "Succeeded" ]
                            }
                        ],
                        "policy": {
                            "timeout": "0.12:00:00",
                            "retry": 0,
                            "retryIntervalInSeconds": 30,
                            "secureOutput": false,
                            "secureInput": false
                        },
                        "userProperties": [],
                        "typeProperties": {
                            "url": {
                                "value": "@concat('https://',pipeline().parameters.eventHubNamespaceName,'.servicebus.windows.net/',pipeline().parameters.eventHubName,'/messages')",
                                "type": "Expression"
                            },
                            "connectVia": {
                                "referenceName": "AutoResolveIntegrationRuntime",
                                "type": "IntegrationRuntimeReference"
                            },
                            "method": "POST",
                            "headers": { "Content-Type": "application/vnd.microsoft.servicebus.json" },
                            "body": {
                                "value": "@string(activity('Retrieve Batch from Serverless').output.resultSets[0].rows[0].Body)",
                                "type": "Expression"
                            },
                            "authentication": {
                                "type": "MSI",
                                "resource": {
                                    "value": "@concat('https://',pipeline().parameters.eventHubNamespaceName,'.servicebus.windows.net')",
                                    "type": "Expression"
                                }
                            }
                        }
                    },
                    {
                        "name": "Retrieve Batch from Serverless",
                        "type": "Script",
                        "dependsOn": [],
                        "policy": {
                            "timeout": "0.12:00:00",
                            "retry": 0,
                            "retryIntervalInSeconds": 30,
                            "secureOutput": false,
                            "secureInput": false
                        },
                        "userProperties": [],
                        "linkedServiceName": {
                            "referenceName": "[parameters('ls_serverlessPool')]",
                            "type": "LinkedServiceReference",
                            "parameters": { "DBName": "nyctaxi" }
                        },
                        "typeProperties": {
                            "scripts": [
                                {
                                    "parameters": [
                                        {
                                            "name": "startValue",
                                            "type": "Int64",
                                            "value": {
                                                "value": "@pipeline().parameters.startValue",
                                                "type": "Expression"
                                            },
                                            "direction": "Input"
                                        },
                                        {
                                            "name": "endValue",
                                            "type": "Int64",
                                            "value": {
                                                "value": "@pipeline().parameters.endValue",
                                                "type": "Expression"
                                            },
                                            "direction": "Input"
                                        }
                                    ],
                                    "type": "Query",
                                    "text": "EXEC p_retreiveEventHubBatch @startValue, @endValue\n"
                                }
                            ],
                            "scriptBlockExecutionTimeout": "02:00:00"
                        }
                    }
                ],
                "policy": {
                    "elapsedTimeMetric": {},
                    "cancelAfter": {}
                },
                "parameters": {
                    "eventHubName": {
                        "type": "string"
                    },
                    "eventHubNamespaceName": {
                        "type": "string"
                    },
                    "startValue": {
                        "type": "int"
                    },
                    "endValue": {
                        "type": "int"
                    }
                },
                "variables": { "ehBody": { "type": "String" } },
                "folder": { "name": "pl_ServerlessEventSender" },
                "annotations": [],
                "lastPublishTime": "2022-12-16T19:51:48Z"
            },
            "dependsOn": []
        }
    ]
}